time,id_,name,location
07:01,1,Kirsten Contreras,dairy
time,id_,name,location
07:02,2,Kirsten Contreras,dairy
time,id_,name,location
07:03,3,Kirsten Contreras,dairy
time,id_,name,location
07:04,4,Kirsten Contreras,dairy
time,id_,name,location
07:05,5,Kirsten Contreras,dairy
time,id_,name,location
07:06,6,Kirsten Contreras,drinks
time,id_,name,location
07:07,7,Kirsten Contreras,drinks
time,id_,name,location
07:08,8,Kirsten Contreras,drinks
time,id_,name,location
07:09,9,Kirsten Contreras,drinks
time,id_,name,location
07:10,10,Kirsten Contreras,spices
time,id_,name,location
07:11,11,Kirsten Contreras,dairy
time,id_,name,location
07:12,12,Kirsten Contreras,dairy
time,id_,name,location
07:13,13,Kirsten Contreras,dairy
time,id_,name,location
07:14,14,Kirsten Contreras,dairy
time,id_,name,location
07:15,15,Kirsten Contreras,dairy
time,id_,name,location
07:16,16,Kirsten Contreras,dairy
time,id_,name,location
07:17,17,Kirsten Contreras,drinks
time,id_,name,location
07:18,18,Kirsten Contreras,checkout
time,id_,name,location
07:19,19,Andrea Davis,dairy
time,id_,name,location
07:20,20,Andrea Davis,checkout
time,id_,name,location
07:21,21,Tiffany Ryan,dairy
time,id_,name,location
07:22,22,Tiffany Ryan,fruit
time,id_,name,location
07:23,23,Tiffany Ryan,checkout
time,id_,name,location
07:24,24,Richard Hamilton,drinks
time,id_,name,location
07:25,25,Richard Hamilton,spices
time,id_,name,location
07:26,26,Richard Hamilton,spices
time,id_,name,location
07:27,27,Richard Hamilton,spices
time,id_,name,location
07:28,28,Richard Hamilton,drinks
time,id_,name,location
07:29,29,Richard Hamilton,checkout
time,id_,name,location
07:30,30,Robert Johnson,dairy
time,id_,name,location
07:31,31,Robert Johnson,fruit
time,id_,name,location
07:32,32,Robert Johnson,fruit
time,id_,name,location
07:33,33,Robert Johnson,fruit
time,id_,name,location
07:34,34,Robert Johnson,fruit
time,id_,name,location
07:35,35,Robert Johnson,fruit
time,id_,name,location
07:36,36,Robert Johnson,checkout
time,id_,name,location
07:37,37,Michael Liu,fruit
time,id_,name,location
07:38,38,Michael Liu,dairy
time,id_,name,location
07:39,39,Michael Liu,dairy
time,id_,name,location
07:40,40,Michael Liu,dairy
time,id_,name,location
07:41,41,Michael Liu,dairy
time,id_,name,location
07:42,42,Michael Liu,dairy
time,id_,name,location
07:43,43,Michael Liu,spices
time,id_,name,location
07:44,44,Michael Liu,fruit
time,id_,name,location
07:45,45,Michael Liu,fruit
time,id_,name,location
07:46,46,Michael Liu,fruit
time,id_,name,location
07:47,47,Michael Liu,fruit
time,id_,name,location
07:48,48,Michael Liu,fruit
time,id_,name,location
07:49,49,Michael Liu,fruit
time,id_,name,location
07:50,50,Michael Liu,fruit
time,id_,name,location
07:51,51,Michael Liu,drinks
time,id_,name,location
07:52,52,Michael Liu,drinks
time,id_,name,location
07:53,53,Michael Liu,drinks
time,id_,name,location
07:54,54,Michael Liu,drinks
time,id_,name,location
07:55,55,Michael Liu,spices
time,id_,name,location
07:56,56,Michael Liu,checkout
time,id_,name,location
07:57,57,Andrew Moore,fruit
time,id_,name,location
07:58,58,Andrew Moore,fruit
time,id_,name,location
07:59,59,Andrew Moore,fruit
time,id_,name,location
08:00,60,Andrew Moore,checkout
time,id_,name,location
08:01,61,Adam French,drinks
time,id_,name,location
08:02,62,Adam French,checkout
time,id_,name,location
08:03,63,Kathy Palmer,spices
time,id_,name,location
08:04,64,Kathy Palmer,dairy
time,id_,name,location
08:05,65,Kathy Palmer,spices
time,id_,name,location
08:06,66,Kathy Palmer,spices
time,id_,name,location
08:07,67,Kathy Palmer,checkout
time,id_,name,location
08:08,68,Janice Bird,checkout
time,id_,name,location
08:09,69,John Burns,checkout
time,id_,name,location
08:10,70,Terri Elliott,spices
time,id_,name,location
08:11,71,Terri Elliott,dairy
time,id_,name,location
08:12,72,Terri Elliott,dairy
time,id_,name,location
08:13,73,Terri Elliott,dairy
time,id_,name,location
08:14,74,Terri Elliott,dairy
time,id_,name,location
08:15,75,Terri Elliott,dairy
time,id_,name,location
08:16,76,Terri Elliott,dairy
time,id_,name,location
08:17,77,Terri Elliott,dairy
time,id_,name,location
08:18,78,Terri Elliott,dairy
time,id_,name,location
08:19,79,Terri Elliott,dairy
time,id_,name,location
08:20,80,Terri Elliott,dairy
time,id_,name,location
08:21,81,Terri Elliott,dairy
time,id_,name,location
08:22,82,Terri Elliott,spices
time,id_,name,location
08:23,83,Terri Elliott,checkout
time,id_,name,location
08:24,84,Michael Nichols,dairy
time,id_,name,location
08:25,85,Michael Nichols,dairy
time,id_,name,location
08:26,86,Michael Nichols,dairy
time,id_,name,location
08:27,87,Michael Nichols,dairy
time,id_,name,location
08:28,88,Michael Nichols,dairy
time,id_,name,location
08:29,89,Michael Nichols,dairy
time,id_,name,location
08:30,90,Michael Nichols,spices
time,id_,name,location
08:31,91,Michael Nichols,drinks
time,id_,name,location
08:32,92,Michael Nichols,drinks
time,id_,name,location
08:33,93,Michael Nichols,drinks
time,id_,name,location
08:34,94,Michael Nichols,drinks
time,id_,name,location
08:35,95,Michael Nichols,drinks
time,id_,name,location
08:36,96,Michael Nichols,checkout
time,id_,name,location
08:37,97,Susan Golden,dairy
time,id_,name,location
08:38,98,Susan Golden,dairy
time,id_,name,location
08:39,99,Susan Golden,dairy
time,id_,name,location
08:40,100,Susan Golden,dairy
time,id_,name,location
08:41,101,Susan Golden,dairy
time,id_,name,location
08:42,102,Susan Golden,dairy
time,id_,name,location
08:43,103,Susan Golden,checkout
time,id_,name,location
08:44,104,Jeffrey Thomas,dairy
time,id_,name,location
08:45,105,Jeffrey Thomas,dairy
time,id_,name,location
08:46,106,Jeffrey Thomas,dairy
time,id_,name,location
08:47,107,Jeffrey Thomas,dairy
time,id_,name,location
08:48,108,Jeffrey Thomas,dairy
time,id_,name,location
08:49,109,Jeffrey Thomas,dairy
time,id_,name,location
08:50,110,Jeffrey Thomas,dairy
time,id_,name,location
08:51,111,Jeffrey Thomas,dairy
time,id_,name,location
08:52,112,Jeffrey Thomas,spices
time,id_,name,location
08:53,113,Jeffrey Thomas,fruit
time,id_,name,location
08:54,114,Jeffrey Thomas,fruit
time,id_,name,location
08:55,115,Jeffrey Thomas,checkout
time,id_,name,location
08:56,116,Oscar Rowe,fruit
time,id_,name,location
08:57,117,Oscar Rowe,fruit
time,id_,name,location
08:58,118,Oscar Rowe,fruit
time,id_,name,location
08:59,119,Oscar Rowe,checkout
time,id_,name,location
09:00,120,David Haney,dairy
time,id_,name,location
09:01,121,David Haney,fruit
time,id_,name,location
09:02,122,David Haney,fruit
time,id_,name,location
09:03,123,David Haney,dairy
time,id_,name,location
09:04,124,David Haney,dairy
time,id_,name,location
09:05,125,David Haney,drinks
time,id_,name,location
09:06,126,David Haney,drinks
time,id_,name,location
09:07,127,David Haney,drinks
time,id_,name,location
09:08,128,David Haney,drinks
time,id_,name,location
09:09,129,David Haney,drinks
time,id_,name,location
09:10,130,David Haney,drinks
time,id_,name,location
09:11,131,David Haney,checkout
time,id_,name,location
09:12,132,Benjamin Larson,checkout
time,id_,name,location
09:13,133,Michael Lindsey,dairy
time,id_,name,location
09:14,134,Michael Lindsey,fruit
time,id_,name,location
09:15,135,Michael Lindsey,fruit
time,id_,name,location
09:16,136,Michael Lindsey,drinks
time,id_,name,location
09:17,137,Michael Lindsey,drinks
time,id_,name,location
09:18,138,Michael Lindsey,drinks
time,id_,name,location
09:19,139,Michael Lindsey,drinks
time,id_,name,location
09:20,140,Michael Lindsey,drinks
time,id_,name,location
09:21,141,Michael Lindsey,drinks
time,id_,name,location
09:22,142,Michael Lindsey,fruit
time,id_,name,location
09:23,143,Michael Lindsey,checkout
time,id_,name,location
09:24,144,Paul Reid,spices
time,id_,name,location
09:25,145,Paul Reid,spices
time,id_,name,location
09:26,146,Paul Reid,spices
time,id_,name,location
09:27,147,Paul Reid,spices
time,id_,name,location
09:28,148,Paul Reid,spices
time,id_,name,location
09:29,149,Paul Reid,dairy
time,id_,name,location
09:30,150,Paul Reid,checkout
time,id_,name,location
09:31,151,Dr. Brian Gibson Jr.,dairy
time,id_,name,location
09:32,152,Dr. Brian Gibson Jr.,dairy
time,id_,name,location
09:33,153,Dr. Brian Gibson Jr.,dairy
time,id_,name,location
09:34,154,Dr. Brian Gibson Jr.,dairy
time,id_,name,location
09:35,155,Dr. Brian Gibson Jr.,fruit
time,id_,name,location
09:36,156,Dr. Brian Gibson Jr.,spices
time,id_,name,location
09:37,157,Dr. Brian Gibson Jr.,dairy
time,id_,name,location
09:38,158,Dr. Brian Gibson Jr.,spices
time,id_,name,location
09:39,159,Dr. Brian Gibson Jr.,dairy
time,id_,name,location
09:40,160,Dr. Brian Gibson Jr.,dairy
time,id_,name,location
09:41,161,Dr. Brian Gibson Jr.,dairy
time,id_,name,location
09:42,162,Dr. Brian Gibson Jr.,dairy
time,id_,name,location
09:43,163,Dr. Brian Gibson Jr.,dairy
time,id_,name,location
09:44,164,Dr. Brian Gibson Jr.,checkout
time,id_,name,location
09:45,165,William Fowler,checkout
time,id_,name,location
09:46,166,Christopher Francis,fruit
time,id_,name,location
09:47,167,Christopher Francis,dairy
time,id_,name,location
09:48,168,Christopher Francis,dairy
time,id_,name,location
09:49,169,Christopher Francis,dairy
time,id_,name,location
09:50,170,Christopher Francis,dairy
time,id_,name,location
09:51,171,Christopher Francis,checkout
time,id_,name,location
09:52,172,Mia Smith,checkout
time,id_,name,location
09:53,173,Eric Jensen,dairy
time,id_,name,location
09:54,174,Eric Jensen,dairy
time,id_,name,location
09:55,175,Eric Jensen,dairy
time,id_,name,location
09:56,176,Eric Jensen,dairy
time,id_,name,location
09:57,177,Eric Jensen,dairy
time,id_,name,location
09:58,178,Eric Jensen,dairy
time,id_,name,location
09:59,179,Eric Jensen,spices
time,id_,name,location
10:00,180,Eric Jensen,fruit
time,id_,name,location
10:01,181,Eric Jensen,drinks
time,id_,name,location
10:02,182,Eric Jensen,checkout
time,id_,name,location
10:03,183,Kathryn Salazar,checkout
time,id_,name,location
10:04,184,Paul Morris,dairy
time,id_,name,location
10:05,185,Paul Morris,dairy
time,id_,name,location
10:06,186,Paul Morris,dairy
time,id_,name,location
10:07,187,Paul Morris,dairy
time,id_,name,location
10:08,188,Paul Morris,dairy
time,id_,name,location
10:09,189,Paul Morris,dairy
time,id_,name,location
10:10,190,Paul Morris,dairy
time,id_,name,location
10:11,191,Paul Morris,dairy
time,id_,name,location
10:12,192,Paul Morris,dairy
time,id_,name,location
10:13,193,Paul Morris,dairy
time,id_,name,location
10:14,194,Paul Morris,drinks
time,id_,name,location
10:15,195,Paul Morris,checkout
time,id_,name,location
10:16,196,Kathy Fisher,spices
time,id_,name,location
10:17,197,Kathy Fisher,drinks
time,id_,name,location
10:18,198,Kathy Fisher,fruit
time,id_,name,location
10:19,199,Kathy Fisher,fruit
time,id_,name,location
10:20,200,Kathy Fisher,fruit
time,id_,name,location
10:21,201,Kathy Fisher,fruit
time,id_,name,location
10:22,202,Kathy Fisher,fruit
time,id_,name,location
10:23,203,Kathy Fisher,checkout
time,id_,name,location
10:24,204,Donald Patel,fruit
time,id_,name,location
10:25,205,Donald Patel,checkout
time,id_,name,location
10:26,206,Melanie Mcconnell,checkout
time,id_,name,location
10:27,207,Taylor Lopez,checkout
time,id_,name,location
10:28,208,Jennifer Anderson,dairy
time,id_,name,location
10:29,209,Jennifer Anderson,checkout
time,id_,name,location
10:30,210,Kevin Jackson,checkout
time,id_,name,location
10:31,211,Timothy Foster,fruit
time,id_,name,location
10:32,212,Timothy Foster,fruit
time,id_,name,location
10:33,213,Timothy Foster,fruit
time,id_,name,location
10:34,214,Timothy Foster,fruit
time,id_,name,location
10:35,215,Timothy Foster,fruit
time,id_,name,location
10:36,216,Timothy Foster,fruit
time,id_,name,location
10:37,217,Timothy Foster,fruit
time,id_,name,location
10:38,218,Timothy Foster,fruit
time,id_,name,location
10:39,219,Timothy Foster,fruit
time,id_,name,location
10:40,220,Timothy Foster,fruit
time,id_,name,location
10:41,221,Timothy Foster,spices
time,id_,name,location
10:42,222,Timothy Foster,spices
time,id_,name,location
10:43,223,Timothy Foster,drinks
time,id_,name,location
10:44,224,Timothy Foster,drinks
time,id_,name,location
10:45,225,Timothy Foster,drinks
time,id_,name,location
10:46,226,Timothy Foster,drinks
time,id_,name,location
10:47,227,Timothy Foster,drinks
time,id_,name,location
10:48,228,Timothy Foster,drinks
time,id_,name,location
10:49,229,Timothy Foster,drinks
time,id_,name,location
10:50,230,Timothy Foster,spices
time,id_,name,location
10:51,231,Timothy Foster,checkout
time,id_,name,location
10:52,232,Randall Ward DDS,drinks
time,id_,name,location
10:53,233,Randall Ward DDS,drinks
time,id_,name,location
10:54,234,Randall Ward DDS,drinks
time,id_,name,location
10:55,235,Randall Ward DDS,drinks
time,id_,name,location
10:56,236,Randall Ward DDS,drinks
time,id_,name,location
10:57,237,Randall Ward DDS,drinks
time,id_,name,location
10:58,238,Randall Ward DDS,drinks
time,id_,name,location
10:59,239,Randall Ward DDS,drinks
time,id_,name,location
11:00,240,Randall Ward DDS,drinks
time,id_,name,location
11:01,241,Randall Ward DDS,drinks
time,id_,name,location
11:02,242,Randall Ward DDS,checkout
time,id_,name,location
11:03,243,Karen Jones,drinks
time,id_,name,location
11:04,244,Karen Jones,drinks
time,id_,name,location
11:05,245,Karen Jones,checkout
time,id_,name,location
11:06,246,Jennifer Dalton,checkout
time,id_,name,location
11:07,247,James Howard,spices
time,id_,name,location
11:08,248,James Howard,dairy
time,id_,name,location
11:09,249,James Howard,checkout
time,id_,name,location
11:10,250,John Mcguire,dairy
time,id_,name,location
11:11,251,John Mcguire,checkout
time,id_,name,location
11:12,252,Lisa Contreras,drinks
time,id_,name,location
11:13,253,Lisa Contreras,drinks
time,id_,name,location
11:14,254,Lisa Contreras,checkout
time,id_,name,location
11:15,255,Heather Miller,fruit
time,id_,name,location
11:16,256,Heather Miller,fruit
time,id_,name,location
11:17,257,Heather Miller,checkout
time,id_,name,location
11:18,258,Kelsey Gregory,fruit
time,id_,name,location
11:19,259,Kelsey Gregory,fruit
time,id_,name,location
11:20,260,Kelsey Gregory,drinks
time,id_,name,location
11:21,261,Kelsey Gregory,checkout
time,id_,name,location
11:22,262,Emily Ayers,dairy
time,id_,name,location
11:23,263,Emily Ayers,fruit
time,id_,name,location
11:24,264,Emily Ayers,fruit
time,id_,name,location
11:25,265,Emily Ayers,checkout
time,id_,name,location
11:26,266,Tiffany Robinson,dairy
time,id_,name,location
11:27,267,Tiffany Robinson,dairy
time,id_,name,location
11:28,268,Tiffany Robinson,dairy
time,id_,name,location
11:29,269,Tiffany Robinson,checkout
time,id_,name,location
11:30,270,Chad Bird,checkout
time,id_,name,location
11:31,271,Daniel Anderson,fruit
time,id_,name,location
11:32,272,Daniel Anderson,fruit
time,id_,name,location
11:33,273,Daniel Anderson,fruit
time,id_,name,location
11:34,274,Daniel Anderson,fruit
time,id_,name,location
11:35,275,Daniel Anderson,fruit
time,id_,name,location
11:36,276,Daniel Anderson,dairy
time,id_,name,location
11:37,277,Daniel Anderson,spices
time,id_,name,location
11:38,278,Daniel Anderson,spices
time,id_,name,location
11:39,279,Daniel Anderson,checkout
time,id_,name,location
11:40,280,Timothy Molina,dairy
time,id_,name,location
11:41,281,Timothy Molina,checkout
time,id_,name,location
11:42,282,Amanda Jacobs,spices
time,id_,name,location
11:43,283,Amanda Jacobs,dairy
time,id_,name,location
11:44,284,Amanda Jacobs,dairy
time,id_,name,location
11:45,285,Amanda Jacobs,dairy
time,id_,name,location
11:46,286,Amanda Jacobs,drinks
time,id_,name,location
11:47,287,Amanda Jacobs,spices
time,id_,name,location
11:48,288,Amanda Jacobs,dairy
time,id_,name,location
11:49,289,Amanda Jacobs,dairy
time,id_,name,location
11:50,290,Amanda Jacobs,dairy
time,id_,name,location
11:51,291,Amanda Jacobs,dairy
time,id_,name,location
11:52,292,Amanda Jacobs,dairy
time,id_,name,location
11:53,293,Amanda Jacobs,drinks
time,id_,name,location
11:54,294,Amanda Jacobs,fruit
time,id_,name,location
11:55,295,Amanda Jacobs,dairy
time,id_,name,location
11:56,296,Amanda Jacobs,dairy
time,id_,name,location
11:57,297,Amanda Jacobs,dairy
time,id_,name,location
11:58,298,Amanda Jacobs,dairy
time,id_,name,location
11:59,299,Amanda Jacobs,dairy
time,id_,name,location
12:00,300,Amanda Jacobs,dairy
time,id_,name,location
12:01,301,Amanda Jacobs,dairy
time,id_,name,location
12:02,302,Amanda Jacobs,dairy
time,id_,name,location
12:03,303,Amanda Jacobs,dairy
time,id_,name,location
12:04,304,Amanda Jacobs,dairy
time,id_,name,location
12:05,305,Amanda Jacobs,drinks
time,id_,name,location
12:06,306,Amanda Jacobs,drinks
time,id_,name,location
12:07,307,Amanda Jacobs,drinks
time,id_,name,location
12:08,308,Amanda Jacobs,checkout
time,id_,name,location
12:09,309,Brian Kidd PhD,spices
time,id_,name,location
12:10,310,Brian Kidd PhD,drinks
time,id_,name,location
12:11,311,Brian Kidd PhD,drinks
time,id_,name,location
12:12,312,Brian Kidd PhD,drinks
time,id_,name,location
12:13,313,Brian Kidd PhD,checkout
time,id_,name,location
12:14,314,David Middleton,checkout
time,id_,name,location
12:15,315,Jordan Martinez,drinks
time,id_,name,location
12:16,316,Jordan Martinez,drinks
time,id_,name,location
12:17,317,Jordan Martinez,drinks
time,id_,name,location
12:18,318,Jordan Martinez,drinks
time,id_,name,location
12:19,319,Jordan Martinez,drinks
time,id_,name,location
12:20,320,Jordan Martinez,drinks
time,id_,name,location
12:21,321,Jordan Martinez,drinks
time,id_,name,location
12:22,322,Jordan Martinez,fruit
time,id_,name,location
12:23,323,Jordan Martinez,fruit
time,id_,name,location
12:24,324,Jordan Martinez,fruit
time,id_,name,location
12:25,325,Jordan Martinez,fruit
time,id_,name,location
12:26,326,Jordan Martinez,checkout
time,id_,name,location
12:27,327,Anthony Moore,fruit
time,id_,name,location
12:28,328,Anthony Moore,fruit
time,id_,name,location
12:29,329,Anthony Moore,fruit
time,id_,name,location
12:30,330,Anthony Moore,fruit
time,id_,name,location
12:31,331,Anthony Moore,dairy
time,id_,name,location
12:32,332,Anthony Moore,dairy
time,id_,name,location
12:33,333,Anthony Moore,dairy
time,id_,name,location
12:34,334,Anthony Moore,dairy
time,id_,name,location
12:35,335,Anthony Moore,dairy
time,id_,name,location
12:36,336,Anthony Moore,dairy
time,id_,name,location
12:37,337,Anthony Moore,dairy
time,id_,name,location
12:38,338,Anthony Moore,spices
time,id_,name,location
12:39,339,Anthony Moore,drinks
time,id_,name,location
12:40,340,Anthony Moore,checkout
time,id_,name,location
12:41,341,Marvin Tate,dairy
time,id_,name,location
12:42,342,Marvin Tate,dairy
time,id_,name,location
12:43,343,Marvin Tate,dairy
time,id_,name,location
12:44,344,Marvin Tate,dairy
time,id_,name,location
12:45,345,Marvin Tate,dairy
time,id_,name,location
12:46,346,Marvin Tate,dairy
time,id_,name,location
12:47,347,Marvin Tate,dairy
time,id_,name,location
12:48,348,Marvin Tate,dairy
time,id_,name,location
12:49,349,Marvin Tate,dairy
time,id_,name,location
12:50,350,Marvin Tate,spices
time,id_,name,location
12:51,351,Marvin Tate,checkout
time,id_,name,location
12:52,352,Maria Wallace,dairy
time,id_,name,location
12:53,353,Maria Wallace,dairy
time,id_,name,location
12:54,354,Maria Wallace,dairy
time,id_,name,location
12:55,355,Maria Wallace,spices
time,id_,name,location
12:56,356,Maria Wallace,spices
time,id_,name,location
12:57,357,Maria Wallace,dairy
time,id_,name,location
12:58,358,Maria Wallace,dairy
time,id_,name,location
12:59,359,Maria Wallace,dairy
time,id_,name,location
13:00,360,Maria Wallace,dairy
time,id_,name,location
13:01,361,Maria Wallace,dairy
time,id_,name,location
13:02,362,Maria Wallace,dairy
time,id_,name,location
13:03,363,Maria Wallace,dairy
time,id_,name,location
13:04,364,Maria Wallace,checkout
time,id_,name,location
13:05,365,Mike Marsh,checkout
time,id_,name,location
13:06,366,Jeremy English,fruit
time,id_,name,location
13:07,367,Jeremy English,dairy
time,id_,name,location
13:08,368,Jeremy English,dairy
time,id_,name,location
13:09,369,Jeremy English,drinks
time,id_,name,location
13:10,370,Jeremy English,drinks
time,id_,name,location
13:11,371,Jeremy English,fruit
time,id_,name,location
13:12,372,Jeremy English,fruit
time,id_,name,location
13:13,373,Jeremy English,checkout
time,id_,name,location
13:14,374,Anne Davis,dairy
time,id_,name,location
13:15,375,Anne Davis,drinks
time,id_,name,location
13:16,376,Anne Davis,checkout
time,id_,name,location
13:17,377,Alyssa Green,dairy
time,id_,name,location
13:18,378,Alyssa Green,drinks
time,id_,name,location
13:19,379,Alyssa Green,spices
time,id_,name,location
13:20,380,Alyssa Green,fruit
time,id_,name,location
13:21,381,Alyssa Green,fruit
time,id_,name,location
13:22,382,Alyssa Green,spices
time,id_,name,location
13:23,383,Alyssa Green,checkout
time,id_,name,location
13:24,384,Jean Walls,checkout
time,id_,name,location
13:25,385,John Benton,checkout
time,id_,name,location
13:26,386,Mark Hunter,spices
time,id_,name,location
13:27,387,Mark Hunter,drinks
time,id_,name,location
13:28,388,Mark Hunter,drinks
time,id_,name,location
13:29,389,Mark Hunter,drinks
time,id_,name,location
13:30,390,Mark Hunter,drinks
time,id_,name,location
13:31,391,Mark Hunter,drinks
time,id_,name,location
13:32,392,Mark Hunter,drinks
time,id_,name,location
13:33,393,Mark Hunter,drinks
time,id_,name,location
13:34,394,Mark Hunter,drinks
time,id_,name,location
13:35,395,Mark Hunter,drinks
time,id_,name,location
13:36,396,Mark Hunter,fruit
time,id_,name,location
13:37,397,Mark Hunter,checkout
time,id_,name,location
13:38,398,Lisa Wise,checkout
time,id_,name,location
13:39,399,Brittany Brown,dairy
time,id_,name,location
13:40,400,Brittany Brown,dairy
time,id_,name,location
13:41,401,Brittany Brown,dairy
time,id_,name,location
13:42,402,Brittany Brown,dairy
time,id_,name,location
13:43,403,Brittany Brown,dairy
time,id_,name,location
13:44,404,Brittany Brown,dairy
time,id_,name,location
13:45,405,Brittany Brown,spices
time,id_,name,location
13:46,406,Brittany Brown,dairy
time,id_,name,location
13:47,407,Brittany Brown,dairy
time,id_,name,location
13:48,408,Brittany Brown,dairy
time,id_,name,location
13:49,409,Brittany Brown,dairy
time,id_,name,location
13:50,410,Brittany Brown,checkout
time,id_,name,location
13:51,411,Alex Robertson,checkout
time,id_,name,location
13:52,412,Tammy Arias,checkout
time,id_,name,location
13:53,413,Cynthia Roberts,checkout
time,id_,name,location
13:54,414,Julie Thomas,dairy
time,id_,name,location
13:55,415,Julie Thomas,dairy
time,id_,name,location
13:56,416,Julie Thomas,dairy
time,id_,name,location
13:57,417,Julie Thomas,dairy
time,id_,name,location
13:58,418,Julie Thomas,dairy
time,id_,name,location
13:59,419,Julie Thomas,dairy
time,id_,name,location
14:00,420,Julie Thomas,dairy
time,id_,name,location
14:01,421,Julie Thomas,dairy
time,id_,name,location
14:02,422,Julie Thomas,dairy
time,id_,name,location
14:03,423,Julie Thomas,fruit
time,id_,name,location
14:04,424,Julie Thomas,fruit
time,id_,name,location
14:05,425,Julie Thomas,fruit
time,id_,name,location
14:06,426,Julie Thomas,fruit
time,id_,name,location
14:07,427,Julie Thomas,spices
time,id_,name,location
14:08,428,Julie Thomas,drinks
time,id_,name,location
14:09,429,Julie Thomas,checkout
time,id_,name,location
14:10,430,Alisha Walker,spices
time,id_,name,location
14:11,431,Alisha Walker,spices
time,id_,name,location
14:12,432,Alisha Walker,spices
time,id_,name,location
14:13,433,Alisha Walker,spices
time,id_,name,location
14:14,434,Alisha Walker,dairy
time,id_,name,location
14:15,435,Alisha Walker,dairy
time,id_,name,location
14:16,436,Alisha Walker,dairy
time,id_,name,location
14:17,437,Alisha Walker,dairy
time,id_,name,location
14:18,438,Alisha Walker,checkout
time,id_,name,location
14:19,439,Joseph Harris,drinks
time,id_,name,location
14:20,440,Joseph Harris,drinks
time,id_,name,location
14:21,441,Joseph Harris,checkout
time,id_,name,location
14:22,442,Allison Bradley,dairy
time,id_,name,location
14:23,443,Allison Bradley,dairy
time,id_,name,location
14:24,444,Allison Bradley,spices
time,id_,name,location
14:25,445,Allison Bradley,fruit
time,id_,name,location
14:26,446,Allison Bradley,fruit
time,id_,name,location
14:27,447,Allison Bradley,fruit
time,id_,name,location
14:28,448,Allison Bradley,checkout
time,id_,name,location
14:29,449,Marc Thomas,checkout
time,id_,name,location
14:30,450,Joshua Sims,drinks
time,id_,name,location
14:31,451,Joshua Sims,drinks
time,id_,name,location
14:32,452,Joshua Sims,fruit
time,id_,name,location
14:33,453,Joshua Sims,fruit
time,id_,name,location
14:34,454,Joshua Sims,drinks
time,id_,name,location
14:35,455,Joshua Sims,drinks
time,id_,name,location
14:36,456,Joshua Sims,drinks
time,id_,name,location
14:37,457,Joshua Sims,drinks
time,id_,name,location
14:38,458,Joshua Sims,drinks
time,id_,name,location
14:39,459,Joshua Sims,checkout
time,id_,name,location
14:40,460,James Moore,checkout
time,id_,name,location
14:41,461,Christopher Young,spices
time,id_,name,location
14:42,462,Christopher Young,spices
time,id_,name,location
14:43,463,Christopher Young,checkout
time,id_,name,location
14:44,464,Ronald Jackson,fruit
time,id_,name,location
14:45,465,Ronald Jackson,checkout
time,id_,name,location
14:46,466,Matthew Jones,checkout
time,id_,name,location
14:47,467,Mrs. Kristen Castro,drinks
time,id_,name,location
14:48,468,Mrs. Kristen Castro,drinks
time,id_,name,location
14:49,469,Mrs. Kristen Castro,drinks
time,id_,name,location
14:50,470,Mrs. Kristen Castro,drinks
time,id_,name,location
14:51,471,Mrs. Kristen Castro,drinks
time,id_,name,location
14:52,472,Mrs. Kristen Castro,drinks
time,id_,name,location
14:53,473,Mrs. Kristen Castro,checkout
time,id_,name,location
14:54,474,Kiara Robinson,spices
time,id_,name,location
14:55,475,Kiara Robinson,drinks
time,id_,name,location
14:56,476,Kiara Robinson,drinks
time,id_,name,location
14:57,477,Kiara Robinson,drinks
time,id_,name,location
14:58,478,Kiara Robinson,checkout
time,id_,name,location
14:59,479,Angela Williams,dairy
time,id_,name,location
15:00,480,Angela Williams,checkout
time,id_,name,location
15:01,481,Brian Bennett,checkout
time,id_,name,location
15:02,482,Susan Miller,checkout
time,id_,name,location
15:03,483,Paul Campbell,fruit
time,id_,name,location
15:04,484,Paul Campbell,fruit
time,id_,name,location
15:05,485,Paul Campbell,fruit
time,id_,name,location
15:06,486,Paul Campbell,dairy
time,id_,name,location
15:07,487,Paul Campbell,dairy
time,id_,name,location
15:08,488,Paul Campbell,drinks
time,id_,name,location
15:09,489,Paul Campbell,drinks
time,id_,name,location
15:10,490,Paul Campbell,drinks
time,id_,name,location
15:11,491,Paul Campbell,checkout
time,id_,name,location
15:12,492,Laura Craig,fruit
time,id_,name,location
15:13,493,Laura Craig,spices
time,id_,name,location
15:14,494,Laura Craig,dairy
time,id_,name,location
15:15,495,Laura Craig,checkout
time,id_,name,location
15:16,496,Christina Rivera,checkout
time,id_,name,location
15:17,497,John May,checkout
time,id_,name,location
15:18,498,Katherine Martin,checkout
time,id_,name,location
15:19,499,Kim Baker,dairy
time,id_,name,location
15:20,500,Kim Baker,dairy
time,id_,name,location
15:21,501,Kim Baker,checkout
time,id_,name,location
15:22,502,Ellen Harper,checkout
time,id_,name,location
15:23,503,Wendy Holland,dairy
time,id_,name,location
15:24,504,Wendy Holland,dairy
time,id_,name,location
15:25,505,Wendy Holland,dairy
time,id_,name,location
15:26,506,Wendy Holland,drinks
time,id_,name,location
15:27,507,Wendy Holland,drinks
time,id_,name,location
15:28,508,Wendy Holland,drinks
time,id_,name,location
15:29,509,Wendy Holland,drinks
time,id_,name,location
15:30,510,Wendy Holland,checkout
time,id_,name,location
15:31,511,Brandy Medina,fruit
time,id_,name,location
15:32,512,Brandy Medina,fruit
time,id_,name,location
15:33,513,Brandy Medina,drinks
time,id_,name,location
15:34,514,Brandy Medina,fruit
time,id_,name,location
15:35,515,Brandy Medina,fruit
time,id_,name,location
15:36,516,Brandy Medina,fruit
time,id_,name,location
15:37,517,Brandy Medina,fruit
time,id_,name,location
15:38,518,Brandy Medina,checkout
time,id_,name,location
15:39,519,Barbara Allen,dairy
time,id_,name,location
15:40,520,Barbara Allen,dairy
time,id_,name,location
15:41,521,Barbara Allen,dairy
time,id_,name,location
15:42,522,Barbara Allen,checkout
time,id_,name,location
15:43,523,Robert Williams,dairy
time,id_,name,location
15:44,524,Robert Williams,checkout
time,id_,name,location
15:45,525,Brett Knox,spices
time,id_,name,location
15:46,526,Brett Knox,spices
time,id_,name,location
15:47,527,Brett Knox,spices
time,id_,name,location
15:48,528,Brett Knox,spices
time,id_,name,location
15:49,529,Brett Knox,spices
time,id_,name,location
15:50,530,Brett Knox,spices
time,id_,name,location
15:51,531,Brett Knox,dairy
time,id_,name,location
15:52,532,Brett Knox,spices
time,id_,name,location
15:53,533,Brett Knox,dairy
time,id_,name,location
15:54,534,Brett Knox,dairy
time,id_,name,location
15:55,535,Brett Knox,checkout
time,id_,name,location
15:56,536,Robert Lawson,dairy
time,id_,name,location
15:57,537,Robert Lawson,dairy
time,id_,name,location
15:58,538,Robert Lawson,dairy
time,id_,name,location
15:59,539,Robert Lawson,checkout
time,id_,name,location
16:00,540,Nicholas Carey,checkout
time,id_,name,location
16:01,541,Ashley Adams,checkout
time,id_,name,location
16:02,542,Christine Spencer,drinks
time,id_,name,location
16:03,543,Christine Spencer,drinks
time,id_,name,location
16:04,544,Christine Spencer,checkout
time,id_,name,location
16:05,545,John Washington,dairy
time,id_,name,location
16:06,546,John Washington,dairy
time,id_,name,location
16:07,547,John Washington,dairy
time,id_,name,location
16:08,548,John Washington,dairy
time,id_,name,location
16:09,549,John Washington,dairy
time,id_,name,location
16:10,550,John Washington,dairy
time,id_,name,location
16:11,551,John Washington,dairy
time,id_,name,location
16:12,552,John Washington,dairy
time,id_,name,location
16:13,553,John Washington,dairy
time,id_,name,location
16:14,554,John Washington,dairy
time,id_,name,location
16:15,555,John Washington,dairy
time,id_,name,location
16:16,556,John Washington,dairy
time,id_,name,location
16:17,557,John Washington,dairy
time,id_,name,location
16:18,558,John Washington,dairy
time,id_,name,location
16:19,559,John Washington,drinks
time,id_,name,location
16:20,560,John Washington,drinks
time,id_,name,location
16:21,561,John Washington,spices
time,id_,name,location
16:22,562,John Washington,fruit
time,id_,name,location
16:23,563,John Washington,fruit
time,id_,name,location
16:24,564,John Washington,fruit
time,id_,name,location
16:25,565,John Washington,fruit
time,id_,name,location
16:26,566,John Washington,dairy
time,id_,name,location
16:27,567,John Washington,dairy
time,id_,name,location
16:28,568,John Washington,drinks
time,id_,name,location
16:29,569,John Washington,drinks
time,id_,name,location
16:30,570,John Washington,drinks
time,id_,name,location
16:31,571,John Washington,drinks
time,id_,name,location
16:32,572,John Washington,fruit
time,id_,name,location
16:33,573,John Washington,fruit
time,id_,name,location
16:34,574,John Washington,dairy
time,id_,name,location
16:35,575,John Washington,dairy
time,id_,name,location
16:36,576,John Washington,checkout
time,id_,name,location
16:37,577,Monica Estes,spices
time,id_,name,location
16:38,578,Monica Estes,checkout
time,id_,name,location
16:39,579,Ashley Gordon,dairy
time,id_,name,location
16:40,580,Ashley Gordon,dairy
time,id_,name,location
16:41,581,Ashley Gordon,dairy
time,id_,name,location
16:42,582,Ashley Gordon,dairy
time,id_,name,location
16:43,583,Ashley Gordon,dairy
time,id_,name,location
16:44,584,Ashley Gordon,dairy
time,id_,name,location
16:45,585,Ashley Gordon,fruit
time,id_,name,location
16:46,586,Ashley Gordon,fruit
time,id_,name,location
16:47,587,Ashley Gordon,fruit
time,id_,name,location
16:48,588,Ashley Gordon,fruit
time,id_,name,location
16:49,589,Ashley Gordon,fruit
time,id_,name,location
16:50,590,Ashley Gordon,fruit
time,id_,name,location
16:51,591,Ashley Gordon,fruit
time,id_,name,location
16:52,592,Ashley Gordon,fruit
time,id_,name,location
16:53,593,Ashley Gordon,fruit
time,id_,name,location
16:54,594,Ashley Gordon,fruit
time,id_,name,location
16:55,595,Ashley Gordon,dairy
time,id_,name,location
16:56,596,Ashley Gordon,dairy
time,id_,name,location
16:57,597,Ashley Gordon,dairy
time,id_,name,location
16:58,598,Ashley Gordon,drinks
time,id_,name,location
16:59,599,Ashley Gordon,drinks
time,id_,name,location
17:00,600,Ashley Gordon,spices
time,id_,name,location
17:01,601,Ashley Gordon,checkout
time,id_,name,location
17:02,602,Jennifer Fox,checkout
time,id_,name,location
17:03,603,Jennifer Anderson,dairy
time,id_,name,location
17:04,604,Jennifer Anderson,dairy
time,id_,name,location
17:05,605,Jennifer Anderson,dairy
time,id_,name,location
17:06,606,Jennifer Anderson,dairy
time,id_,name,location
17:07,607,Jennifer Anderson,dairy
time,id_,name,location
17:08,608,Jennifer Anderson,dairy
time,id_,name,location
17:09,609,Jennifer Anderson,dairy
time,id_,name,location
17:10,610,Jennifer Anderson,dairy
time,id_,name,location
17:11,611,Jennifer Anderson,dairy
time,id_,name,location
17:12,612,Jennifer Anderson,dairy
time,id_,name,location
17:13,613,Jennifer Anderson,fruit
time,id_,name,location
17:14,614,Jennifer Anderson,fruit
time,id_,name,location
17:15,615,Jennifer Anderson,fruit
time,id_,name,location
17:16,616,Jennifer Anderson,fruit
time,id_,name,location
17:17,617,Jennifer Anderson,fruit
time,id_,name,location
17:18,618,Jennifer Anderson,fruit
time,id_,name,location
17:19,619,Jennifer Anderson,drinks
time,id_,name,location
17:20,620,Jennifer Anderson,drinks
time,id_,name,location
17:21,621,Jennifer Anderson,fruit
time,id_,name,location
17:22,622,Jennifer Anderson,fruit
time,id_,name,location
17:23,623,Jennifer Anderson,fruit
time,id_,name,location
17:24,624,Jennifer Anderson,fruit
time,id_,name,location
17:25,625,Jennifer Anderson,fruit
time,id_,name,location
17:26,626,Jennifer Anderson,checkout
time,id_,name,location
17:27,627,Jason Vasquez,spices
time,id_,name,location
17:28,628,Jason Vasquez,spices
time,id_,name,location
17:29,629,Jason Vasquez,spices
time,id_,name,location
17:30,630,Jason Vasquez,dairy
time,id_,name,location
17:31,631,Jason Vasquez,dairy
time,id_,name,location
17:32,632,Jason Vasquez,spices
time,id_,name,location
17:33,633,Jason Vasquez,dairy
time,id_,name,location
17:34,634,Jason Vasquez,dairy
time,id_,name,location
17:35,635,Jason Vasquez,dairy
time,id_,name,location
17:36,636,Jason Vasquez,dairy
time,id_,name,location
17:37,637,Jason Vasquez,dairy
time,id_,name,location
17:38,638,Jason Vasquez,checkout
time,id_,name,location
17:39,639,Nathaniel Mckay,dairy
time,id_,name,location
17:40,640,Nathaniel Mckay,drinks
time,id_,name,location
17:41,641,Nathaniel Mckay,spices
time,id_,name,location
17:42,642,Nathaniel Mckay,checkout
time,id_,name,location
17:43,643,Amy Christian,checkout
time,id_,name,location
17:44,644,Laura Brown,dairy
time,id_,name,location
17:45,645,Laura Brown,dairy
time,id_,name,location
17:46,646,Laura Brown,dairy
time,id_,name,location
17:47,647,Laura Brown,drinks
time,id_,name,location
17:48,648,Laura Brown,fruit
time,id_,name,location
17:49,649,Laura Brown,checkout
time,id_,name,location
17:50,650,Connie Knight,fruit
time,id_,name,location
17:51,651,Connie Knight,fruit
time,id_,name,location
17:52,652,Connie Knight,spices
time,id_,name,location
17:53,653,Connie Knight,spices
time,id_,name,location
17:54,654,Connie Knight,drinks
time,id_,name,location
17:55,655,Connie Knight,checkout
time,id_,name,location
17:56,656,Dr. Christie Spencer MD,dairy
time,id_,name,location
17:57,657,Dr. Christie Spencer MD,dairy
time,id_,name,location
17:58,658,Dr. Christie Spencer MD,dairy
time,id_,name,location
17:59,659,Dr. Christie Spencer MD,dairy
time,id_,name,location
18:00,660,Dr. Christie Spencer MD,dairy
time,id_,name,location
18:01,661,Dr. Christie Spencer MD,checkout
time,id_,name,location
18:02,662,Brent Robinson,fruit
time,id_,name,location
18:03,663,Brent Robinson,fruit
time,id_,name,location
18:04,664,Brent Robinson,drinks
time,id_,name,location
18:05,665,Brent Robinson,drinks
time,id_,name,location
18:06,666,Brent Robinson,drinks
time,id_,name,location
18:07,667,Brent Robinson,dairy
time,id_,name,location
18:08,668,Brent Robinson,dairy
time,id_,name,location
18:09,669,Brent Robinson,dairy
time,id_,name,location
18:10,670,Brent Robinson,dairy
time,id_,name,location
18:11,671,Brent Robinson,dairy
time,id_,name,location
18:12,672,Brent Robinson,dairy
time,id_,name,location
18:13,673,Brent Robinson,checkout
time,id_,name,location
18:14,674,Eric Swanson,dairy
time,id_,name,location
18:15,675,Eric Swanson,dairy
time,id_,name,location
18:16,676,Eric Swanson,dairy
time,id_,name,location
18:17,677,Eric Swanson,dairy
time,id_,name,location
18:18,678,Eric Swanson,drinks
time,id_,name,location
18:19,679,Eric Swanson,checkout
time,id_,name,location
18:20,680,John Paul,checkout
time,id_,name,location
18:21,681,Mark Stanley,fruit
time,id_,name,location
18:22,682,Mark Stanley,fruit
time,id_,name,location
18:23,683,Mark Stanley,dairy
time,id_,name,location
18:24,684,Mark Stanley,dairy
time,id_,name,location
18:25,685,Mark Stanley,dairy
time,id_,name,location
18:26,686,Mark Stanley,dairy
time,id_,name,location
18:27,687,Mark Stanley,dairy
time,id_,name,location
18:28,688,Mark Stanley,dairy
time,id_,name,location
18:29,689,Mark Stanley,dairy
time,id_,name,location
18:30,690,Mark Stanley,checkout
time,id_,name,location
18:31,691,Rhonda Murillo,checkout
time,id_,name,location
18:32,692,Deborah Wood,drinks
time,id_,name,location
18:33,693,Deborah Wood,spices
time,id_,name,location
18:34,694,Deborah Wood,dairy
time,id_,name,location
18:35,695,Deborah Wood,checkout
time,id_,name,location
18:36,696,Mary Sloan,checkout
time,id_,name,location
18:37,697,Billy Ramirez,drinks
time,id_,name,location
18:38,698,Billy Ramirez,drinks
time,id_,name,location
18:39,699,Billy Ramirez,drinks
time,id_,name,location
18:40,700,Billy Ramirez,drinks
time,id_,name,location
18:41,701,Billy Ramirez,fruit
time,id_,name,location
18:42,702,Billy Ramirez,fruit
time,id_,name,location
18:43,703,Billy Ramirez,fruit
time,id_,name,location
18:44,704,Billy Ramirez,checkout
time,id_,name,location
18:45,705,Melissa Patterson,checkout
time,id_,name,location
18:46,706,Ryan Smith,checkout
time,id_,name,location
18:47,707,Joe Villa,checkout
time,id_,name,location
18:48,708,Alicia Garrett,dairy
time,id_,name,location
18:49,709,Alicia Garrett,dairy
time,id_,name,location
18:50,710,Alicia Garrett,dairy
time,id_,name,location
18:51,711,Alicia Garrett,dairy
time,id_,name,location
18:52,712,Alicia Garrett,spices
time,id_,name,location
18:53,713,Alicia Garrett,spices
time,id_,name,location
18:54,714,Alicia Garrett,checkout
time,id_,name,location
18:55,715,Brittany Mayo,dairy
time,id_,name,location
18:56,716,Brittany Mayo,spices
time,id_,name,location
18:57,717,Brittany Mayo,dairy
time,id_,name,location
18:58,718,Brittany Mayo,dairy
time,id_,name,location
18:59,719,Brittany Mayo,dairy
time,id_,name,location
19:00,720,Brittany Mayo,dairy
time,id_,name,location
19:01,721,Brittany Mayo,spices
time,id_,name,location
19:02,722,Brittany Mayo,fruit
time,id_,name,location
19:03,723,Brittany Mayo,fruit
time,id_,name,location
19:04,724,Brittany Mayo,dairy
time,id_,name,location
19:05,725,Brittany Mayo,dairy
time,id_,name,location
19:06,726,Brittany Mayo,dairy
time,id_,name,location
19:07,727,Brittany Mayo,dairy
time,id_,name,location
19:08,728,Brittany Mayo,dairy
time,id_,name,location
19:09,729,Brittany Mayo,dairy
time,id_,name,location
19:10,730,Brittany Mayo,fruit
time,id_,name,location
19:11,731,Brittany Mayo,dairy
time,id_,name,location
19:12,732,Brittany Mayo,dairy
time,id_,name,location
19:13,733,Brittany Mayo,dairy
time,id_,name,location
19:14,734,Brittany Mayo,dairy
time,id_,name,location
19:15,735,Brittany Mayo,dairy
time,id_,name,location
19:16,736,Brittany Mayo,dairy
time,id_,name,location
19:17,737,Brittany Mayo,checkout
time,id_,name,location
19:18,738,Megan Arnold,spices
time,id_,name,location
19:19,739,Megan Arnold,spices
time,id_,name,location
19:20,740,Megan Arnold,spices
time,id_,name,location
19:21,741,Megan Arnold,dairy
time,id_,name,location
19:22,742,Megan Arnold,dairy
time,id_,name,location
19:23,743,Megan Arnold,dairy
time,id_,name,location
19:24,744,Megan Arnold,dairy
time,id_,name,location
19:25,745,Megan Arnold,dairy
time,id_,name,location
19:26,746,Megan Arnold,dairy
time,id_,name,location
19:27,747,Megan Arnold,dairy
time,id_,name,location
19:28,748,Megan Arnold,spices
time,id_,name,location
19:29,749,Megan Arnold,dairy
time,id_,name,location
19:30,750,Megan Arnold,dairy
time,id_,name,location
19:31,751,Megan Arnold,dairy
time,id_,name,location
19:32,752,Megan Arnold,fruit
time,id_,name,location
19:33,753,Megan Arnold,fruit
time,id_,name,location
19:34,754,Megan Arnold,dairy
time,id_,name,location
19:35,755,Megan Arnold,drinks
time,id_,name,location
19:36,756,Megan Arnold,checkout
time,id_,name,location
19:37,757,Holly Molina,dairy
time,id_,name,location
19:38,758,Holly Molina,dairy
time,id_,name,location
19:39,759,Holly Molina,dairy
time,id_,name,location
19:40,760,Holly Molina,spices
time,id_,name,location
19:41,761,Holly Molina,fruit
time,id_,name,location
19:42,762,Holly Molina,checkout
time,id_,name,location
19:43,763,Tiffany Patterson,checkout
time,id_,name,location
19:44,764,Samantha Maxwell,spices
time,id_,name,location
19:45,765,Samantha Maxwell,spices
time,id_,name,location
19:46,766,Samantha Maxwell,dairy
time,id_,name,location
19:47,767,Samantha Maxwell,dairy
time,id_,name,location
19:48,768,Samantha Maxwell,dairy
time,id_,name,location
19:49,769,Samantha Maxwell,dairy
time,id_,name,location
19:50,770,Samantha Maxwell,drinks
time,id_,name,location
19:51,771,Samantha Maxwell,drinks
time,id_,name,location
19:52,772,Samantha Maxwell,drinks
time,id_,name,location
19:53,773,Samantha Maxwell,dairy
time,id_,name,location
19:54,774,Samantha Maxwell,dairy
time,id_,name,location
19:55,775,Samantha Maxwell,checkout
time,id_,name,location
19:56,776,Walter Mendez,checkout
time,id_,name,location
19:57,777,Tracy Miles,dairy
time,id_,name,location
19:58,778,Tracy Miles,dairy
time,id_,name,location
19:59,779,Tracy Miles,checkout
time,id_,name,location
20:00,780,Bradley Taylor,fruit
time,id_,name,location
20:01,781,Bradley Taylor,fruit
time,id_,name,location
20:02,782,Bradley Taylor,fruit
time,id_,name,location
20:03,783,Bradley Taylor,checkout
time,id_,name,location
20:04,784,Anthony Bell,fruit
time,id_,name,location
20:05,785,Anthony Bell,fruit
time,id_,name,location
20:06,786,Anthony Bell,fruit
time,id_,name,location
20:07,787,Anthony Bell,fruit
time,id_,name,location
20:08,788,Anthony Bell,checkout
time,id_,name,location
20:09,789,Lauren Dean,drinks
time,id_,name,location
20:10,790,Lauren Dean,drinks
time,id_,name,location
20:11,791,Lauren Dean,drinks
time,id_,name,location
20:12,792,Lauren Dean,drinks
time,id_,name,location
20:13,793,Lauren Dean,drinks
time,id_,name,location
20:14,794,Lauren Dean,drinks
time,id_,name,location
20:15,795,Lauren Dean,drinks
time,id_,name,location
20:16,796,Lauren Dean,drinks
time,id_,name,location
20:17,797,Lauren Dean,drinks
time,id_,name,location
20:18,798,Lauren Dean,drinks
time,id_,name,location
20:19,799,Lauren Dean,drinks
time,id_,name,location
20:20,800,Lauren Dean,drinks
time,id_,name,location
20:21,801,Lauren Dean,checkout
time,id_,name,location
20:22,802,Charles Rose,checkout
time,id_,name,location
20:23,803,Janet Nichols,checkout
time,id_,name,location
20:24,804,Carlos Whitaker,checkout
time,id_,name,location
20:25,805,Anthony Martinez,spices
time,id_,name,location
20:26,806,Anthony Martinez,spices
time,id_,name,location
20:27,807,Anthony Martinez,drinks
time,id_,name,location
20:28,808,Anthony Martinez,drinks
time,id_,name,location
20:29,809,Anthony Martinez,fruit
time,id_,name,location
20:30,810,Anthony Martinez,fruit
time,id_,name,location
20:31,811,Anthony Martinez,fruit
time,id_,name,location
20:32,812,Anthony Martinez,fruit
time,id_,name,location
20:33,813,Anthony Martinez,checkout
time,id_,name,location
20:34,814,Robert Meyer,checkout
time,id_,name,location
20:35,815,Tina Thompson,drinks
time,id_,name,location
20:36,816,Tina Thompson,checkout
time,id_,name,location
20:37,817,Jason Cunningham,checkout
time,id_,name,location
20:38,818,Dustin Swanson,checkout
time,id_,name,location
20:39,819,Jose Dominguez,fruit
time,id_,name,location
20:40,820,Jose Dominguez,checkout
time,id_,name,location
20:41,821,Melanie Guzman,dairy
time,id_,name,location
20:42,822,Melanie Guzman,dairy
time,id_,name,location
20:43,823,Melanie Guzman,dairy
time,id_,name,location
20:44,824,Melanie Guzman,dairy
time,id_,name,location
20:45,825,Melanie Guzman,dairy
time,id_,name,location
20:46,826,Melanie Guzman,checkout
time,id_,name,location
20:47,827,Catherine Spence,fruit
time,id_,name,location
20:48,828,Catherine Spence,fruit
time,id_,name,location
20:49,829,Catherine Spence,fruit
time,id_,name,location
20:50,830,Catherine Spence,fruit
time,id_,name,location
20:51,831,Catherine Spence,fruit
time,id_,name,location
20:52,832,Catherine Spence,fruit
time,id_,name,location
20:53,833,Catherine Spence,checkout
time,id_,name,location
20:54,834,Jeffrey Pham,dairy
time,id_,name,location
20:55,835,Jeffrey Pham,dairy
time,id_,name,location
20:56,836,Jeffrey Pham,dairy
time,id_,name,location
20:57,837,Jeffrey Pham,dairy
time,id_,name,location
20:58,838,Jeffrey Pham,dairy
time,id_,name,location
20:59,839,Jeffrey Pham,dairy
time,id_,name,location
21:00,840,Jeffrey Pham,dairy
time,id_,name,location
21:01,841,Jeffrey Pham,dairy
time,id_,name,location
21:02,842,Jeffrey Pham,checkout
time,id_,name,location
21:03,843,Andrew Murphy,fruit
time,id_,name,location
21:04,844,Andrew Murphy,fruit
time,id_,name,location
21:05,845,Andrew Murphy,checkout
time,id_,name,location
21:06,846,Catherine Johnson,checkout
time,id_,name,location
21:07,847,Barbara Raymond,dairy
time,id_,name,location
21:08,848,Barbara Raymond,dairy
time,id_,name,location
21:09,849,Barbara Raymond,dairy
time,id_,name,location
21:10,850,Barbara Raymond,dairy
time,id_,name,location
21:11,851,Barbara Raymond,dairy
time,id_,name,location
21:12,852,Barbara Raymond,dairy
time,id_,name,location
21:13,853,Barbara Raymond,fruit
time,id_,name,location
21:14,854,Barbara Raymond,fruit
time,id_,name,location
21:15,855,Barbara Raymond,fruit
time,id_,name,location
21:16,856,Barbara Raymond,fruit
time,id_,name,location
21:17,857,Barbara Raymond,fruit
time,id_,name,location
21:18,858,Barbara Raymond,checkout
time,id_,name,location
21:19,859,Jason Erickson,checkout
time,id_,name,location
21:20,860,Andrew Fuller,spices
time,id_,name,location
21:21,861,Andrew Fuller,fruit
time,id_,name,location
21:22,862,Andrew Fuller,fruit
time,id_,name,location
21:23,863,Andrew Fuller,spices
time,id_,name,location
21:24,864,Andrew Fuller,spices
time,id_,name,location
21:25,865,Andrew Fuller,dairy
time,id_,name,location
21:26,866,Andrew Fuller,dairy
time,id_,name,location
21:27,867,Andrew Fuller,checkout
time,id_,name,location
21:28,868,Troy Smith,dairy
time,id_,name,location
21:29,869,Troy Smith,checkout
time,id_,name,location
21:30,870,Joshua Peterson,dairy
time,id_,name,location
21:31,871,Joshua Peterson,dairy
time,id_,name,location
21:32,872,Joshua Peterson,dairy
time,id_,name,location
21:33,873,Joshua Peterson,dairy
time,id_,name,location
21:34,874,Joshua Peterson,dairy
time,id_,name,location
21:35,875,Joshua Peterson,dairy
time,id_,name,location
21:36,876,Joshua Peterson,spices
time,id_,name,location
21:37,877,Joshua Peterson,checkout
time,id_,name,location
21:38,878,Wesley Powell,dairy
time,id_,name,location
21:39,879,Wesley Powell,dairy
time,id_,name,location
21:40,880,Wesley Powell,spices
time,id_,name,location
21:41,881,Wesley Powell,spices
time,id_,name,location
21:42,882,Wesley Powell,checkout
time,id_,name,location
21:43,883,Penny Crawford,checkout
time,id_,name,location
21:44,884,Brandon Barry,dairy
time,id_,name,location
21:45,885,Brandon Barry,dairy
time,id_,name,location
21:46,886,Brandon Barry,dairy
time,id_,name,location
21:47,887,Brandon Barry,spices
time,id_,name,location
21:48,888,Brandon Barry,spices
time,id_,name,location
21:49,889,Brandon Barry,dairy
time,id_,name,location
21:50,890,Brandon Barry,dairy
time,id_,name,location
21:51,891,Brandon Barry,checkout
time,id_,name,location
21:52,892,Derrick Roberts,checkout
time,id_,name,location
21:53,893,Steven Patel,checkout
time,id_,name,location
21:54,894,Whitney Pearson,fruit
time,id_,name,location
21:55,895,Whitney Pearson,fruit
time,id_,name,location
21:56,896,Whitney Pearson,checkout
time,id_,name,location
21:57,897,Rachel Ruiz,dairy
time,id_,name,location
21:58,898,Rachel Ruiz,dairy
time,id_,name,location
21:59,899,Rachel Ruiz,dairy
time,id_,name,location
22:00,900,Rachel Ruiz,checkout
